{
  "total_samples": 28,
  "sources": {
    "jmed_chat_format": 20,
    "kimi_generated": 3,
    "domain_expert": 5
  },
  "avg_input_length": 326.32142857142856,
  "avg_output_length": 114.57142857142857,
  "created_at": "2025-09-19 10:31:31"
}